kaggle_dataset,gcs_path
120-years-of-olympic-history-athletes-and-results,gs://kds-13d4a5bcae47b0032e064e7417d7eafa9c96500f6a207d6e1f2301fd
17k-apple-app-store-strategy-games,gs://kds-e860bd874ab698b870e2b987e1091aa0755d5862a13a632bb7c075b6
2016-us-election,gs://kds-cfa98b95a1976f9029c5394cd5f965acd49df14a09ef419887829841
2019-coronavirus-dataset-01212020-01262020,gs://kds-76d0f23d8bd758d64641484e14b74a9817581863e2737bfe8eb17fd2
256x256-melanoma-tfrecords-70k-images,gs://kds-ce0e5cb3286425aec39eb8968efc26f7b463490a5403b20078499206
384x384-melanoma-tfrecords-70k-images,gs://kds-c35196094e7de516f860d80038a53ea11c51dffb267f29b9870f48bb
512x512-melanoma-tfrecords-70k-images,gs://kds-2b801d1f55ee9e0d61d12a8450c8242b3e32acefab45b01fea8985c1
768x768-melanoma-tfrecords-70k-images,gs://kds-dc98756859a0adb210d1553f077f3ff37d588710e2ec608afa8a7bca
alaska2-public-baseline,gs://kds-804b98f214e9cc2ae7ae9b55b22b66499ac6de6dcf2c614eb529dd0d
amazon-fine-food-reviews,gs://kds-6876fb9c70d992161c43e7f1c609f717cb6aa8bc516444c608d4b69a
anime-recommendations-database,gs://kds-3d97880260aa4ecb8d6b78860266ed721aa20add5a0847dd234d6589
app-store-apple-data-set-10k-apps,gs://kds-f60154f388620b48bf0074ca8c6f5725e14ae4e69197242b85bdab7e
avocado-prices,gs://kds-a0daf5002aa2902919e80cbcb796de01c96392663d01c3da0bc485d3
bengal-5-fold,gs://kds-b2a2934c4d3a8138ab13d2821d93217558f2ab6237b4d8f4d6d46159
bengaliaicv19data,gs://kds-fba0c37be0dc2247f1e11832f5322ab7a32f7795d0fb63dd6598e4ce
bengalilabeltransforming,gs://kds-b99b2a7febc3dc5af983e3f01f2fbfa359798b4c51ff88c91df70a01
bengaliresnet50d128x128kfold,gs://kds-c92f7e3124828f972eb24c42c84ff24125b50a265c91934c36281d7b
best-artworks-of-all-time,gs://kds-dd20b92d51c57a173821993ce3b74c8a4db6033e59e0f10303d7743c
birdcall-check,gs://kds-abbc61e535ad5cfd7df456bdcd8dd73adb7b203fc06ca5d12ba44c50
bitcoin-historical-data,gs://kds-47964ed6c00c4763006cd0604e0a1da731f24b41a4324cc2d4a52e92
blood-cells,gs://kds-41d5a48cf127eac6bdeb84ba4c6ca7af335ab8d094af31f327979f8e
bowl2019publictest,gs://kds-b2611e60ea0384a3093a0b5ebcab7bfc765e8ce9db28e33fcbecc20b
brazilian-ecommerce,gs://kds-72278c9bdf35222cb72b5d16c413df2a2c6966121c957c6d46f34219
breast-cancer-wisconsin-data,gs://kds-d25e547d0425dc7141288ac1a6af13be1b342d3cdcd8fac16bacc04a
celeba-dataset,gs://kds-d7e10fd517e4f54b29e7086711d1ae37a682dd27ebf158184b9a0cf6
chest-xray-pneumonia,gs://kds-896e5a265040f8df265eb9dfc9ab0215f2119b4635bc8362d49cb3d6
chocolate-bar-ratings,gs://kds-0975227c2ac38210a739922c951dc666d2c7b0ddf83fa1a49043b64e
climate-change-earth-surface-temperature-data,gs://kds-ff1461993b9ad6676df2d2e5ae96e263c264eded6db214b4a8174662
cloud-classifiers,gs://kds-c90a040dd54063d6c1eabeb6f023fe32375112a5c91e52abc9e06ca2
cloud-images-resized,gs://kds-613c8f1fc8ff87859c5fa9cb919008aecef6c88396a7768d10f35445
cloudpred1,gs://kds-fc5162b549af6b882350a46dd29e537d628469fdf3b571dbf72c5040
college-salaries,gs://kds-d2a3706fa6c382903e985a260919b0243eb8697e634ac79a15ec87f8
coronavirusdataset,gs://kds-9169a0f3af76a5f38c1e746c29cd68a3df162b408b31908d4cd8a1b2
corona-virus-report,gs://kds-277843f1bd79872512b17d7037f72dd7dcfb023dc06ab98dc697c977
countries-of-the-world,gs://kds-2fa4293fc17dc49091c275bf37cf64954da3432ac8cc4367e5a2eb3c
covid19-in-india,gs://kds-bdfb3150bd235f2ac13a4cb88146eab321256cedfb9c3c810174d545
creditcardfraud,gs://kds-f100c1ef12f0a28bdbee4d896472a2801321c4058f0407184da29a46
crimes-in-boston,gs://kds-8fbf4a1a8588f1005014242489bbfad23365c8fe7f4ac646b670c235
customer-segmentation-tutorial-in-python,gs://kds-2f1300a36b2550572a8bd2aafffe451c86cda9ea2e59524ca1db2edb
data-science-cheat-sheets,gs://kds-61e2055dc8e9cd8e44560e41369d917261c666ff18a641abc5f56068
data-science-for-good,gs://kds-c87ae836acd902384ceea31ca66a3dda242c4d745e77e240f6da8709
data-science-for-good-kiva-crowdfunding,gs://kds-816fbc14988a4a4ed71a2e762a7c774c775912ccce7c034e986d7d26
data-without-drift,gs://kds-65b9a169dacc5b19100ff5d6edc981523670b9f5ffc60c89e7d8819f
default-of-credit-card-clients-dataset,gs://kds-3553e16543b39824761f59be24ac13a8985f30c1cb26e08957418466
diamonds,gs://kds-b16a9e958ab2c9e231423d0e4b41677f35c0892890d56fdafe92d3f2
dsbowl2019featurelake,gs://kds-76f1460746b1d6ddab9e585034155dd162bf8fe2b93285c2f54de32a
ecommerce-data,gs://kds-93b6b8a45181bfb1a039723793d1224309092e51a867567fdf7ed365
efficientdetpytorch,gs://kds-b1efc872faf90d9fe26fb1f9ba73bc322112bbc52e723befbb573c23
face-detector,gs://kds-9382abf87a314a306463af887ab091343cb641670b01ea5d0ad9a152
factorial-hmm,gs://kds-3c7c7cdd650c915f25b2d1f77232c99e23c0432f7a07c7a32ab810a1
fake-and-real-news-dataset,gs://kds-fdc1ecfdc766c93b83f13402073aff240219ec7d62703bb7762b0230
fashionmnist,gs://kds-53e050b4f48f1bae822d38b99dc5faa7888586d2cae0e0277f1a62f6
fasttext-300-russian-crawl-pickle,gs://kds-e6d3e41595df35203c38de126e7f4cdc8d316fe413bb1848f443d0cf
fifa19,gs://kds-950edd66c5accf5528eb0a91efc6ad512ddfb279ceec86aff8d68afe
fifa-world-cup,gs://kds-b25cc67c786f99b113a9c8735ca1ce1584e4f6585e41ed3c53b55d83
fivethirtyeight-comic-characters-dataset,gs://kds-ed21050eedab4d66642289fa64142d5bd6c5805f5cce82430c8d04c8
flight-delays,gs://kds-4039c0d334ddfa5a1382cbe88623fb19615f52ffe6984affc236cddb
flowers-recognition,gs://kds-692eb7bc5a86cb96b090718697b37a294400714c4f027dc147610145
forest-fires-in-brazil,gs://kds-1c67a132c4fa3ebb5716fdd8395bde1fbc23190ea9071f6ac212c6ab
game-of-thrones,gs://kds-1ee4ed2d9ef6b24527e38f9f6bb415a0c67c65fefcfc99dac34605c6
ghostnetbengali,gs://kds-e9285c8f94ddf699fb2d7b753e52f48d7bd93f6f34e7c9b9e777a824
goodreadsbooks,gs://kds-899d7fe488b3ed3307af8a37cae9deb9dbd83e68f66bde3077e137ff
google-play-store-apps,gs://kds-829235b0385d916f10ab778f176565fb95721d747d7827cec2219dcf
graduate-admissions,gs://kds-8872ab200149dc743500ffde4ea4830c42963cf698b5e291539fce29
gtd,gs://kds-420fcce4d3ab4bf10c6e45c3c7ce9b00aa4f92a63caa8b668921c35a
gun-violence-data,gs://kds-c4870f1564e5e485cbe8b7f38e5aa4b3c38240853450d045ad77ae7c
heart-disease-uci,gs://kds-85348df8105d97cb4da1663a72cd0a8a84534504e971e191973a71c2
hotel-booking-demand,gs://kds-5aec738d1ef14a49113a7c1a83cdfdc2615970821a4851d6f4435051
housesalesprediction,gs://kds-16b4dd8658bcc49f39a8d96089dad7b14fa6a0ba759724dfb07d8511
ibm-hr-analytics-attrition-dataset,gs://kds-ef23e7bad704a8897ae0c4fac43ad0ac587a396d92b3eef1e773a329
insurance,gs://kds-174dee1b105872df052c815b70ca8d33180934fd0d07d2ebe87628c7
international-football-results-from-1872-to-2017,gs://kds-1c2362cd5dabe5ca7bb17b40e8adfababe3efcd3a3a92541f9f6e1cf
io,gs://kds-78c5ad12f99347603e6cf27902a42d38d7b1fcaf09b2a218c14c2adc
ipl,gs://kds-0e854ec06ef19778658763ff563e5d5eb76308a2442c0c905232e8cc
iris,gs://kds-b5f1dbe66dca27a2c5f701ae3d8393b9157ca6b9d9e142226f4bcea2
isic2016,gs://kds-9ac2f237a2b36731b4fb68f1722a8a6714c806a6f5a0e58cde87e0b1
isic2017,gs://kds-be82ab74a014ea2500239b74636156ee51e28ba28b0b003f23930091
isic2018,gs://kds-16e1fa1af57142180184800a5a23a0373ec0bbbce7ae45379b87aa4e
isic-2019,gs://kds-f3c0af210570805156654013ea15b50acc7f32d0e81c0b2da7509f5f
isic2019-1024x1024,gs://kds-dd5bf3fbefb159e1b6fa1d24e7b1bf4e3d9656a7e98be1baf3f40115
isic2019-128x128,gs://kds-5724dc0cec78578bea6ce52d941cd2ab1b4405f37eb28dead07f2f07
isic2019-192x192,gs://kds-c883c4aabd939f506ae68e78c439089c3d6547e0207884653dc969b4
isic2019-256x256,gs://kds-c85f3ec67d1d7853bb9f2b928a1d69ac62ae7d52146c54a65b69f5bb
isic2019-384x384,gs://kds-9fc526a7f92f5454bc790655a916878883ad270d1e13c91e7d527659
isic2019-512x512,gs://kds-25423645f76650f9220fbd3613366c3c5a524b3a7d7663b6e3137c57
isic2019-768x768,gs://kds-d647c34c4541dfa651df0eeb57cb8f7702660f0881153486056f8448
isic-resnext50d-32x4d-public-checkpoints,gs://kds-58bcd2f1c324481421e44a8aedc07721d94c257c1dc6808eb15579e8
jigsaw-public-baseline-results,gs://kds-f01f05aed19b8fc16de853fa563bb1f9663dd430568de84fd67aa3f8
jigsaw-public-baseline-train-data,gs://kds-4e0d249e5e268ee97aa83d66328bf9e1e0c0c0c9ce1777dfddabfd0b
jpeg-isic2019-1024x1024,gs://kds-8d58289559263a040759cc53ebc797fca8979d6435f68a6d330ac881
jpeg-isic2019-128x128,gs://kds-d82cc8c369e8888561485b27c654d52f1162736e1b7ac6d16ca9efa4
jpeg-isic2019-192x192,gs://kds-8671b15bf402bf4ff23e0880bd61dc7794e8c7a04b5162dfc5b24f66
jpeg-isic2019-256x256,gs://kds-bca2672c4b61659e3d8aecf42428adb6039e27bbabcf74ce118b0c14
jpeg-isic2019-384x384,gs://kds-aab1ccf8fcddb82b49ee1601edf25b6d94648f33d5589b277eb8b5ea
jpeg-isic2019-512x512,gs://kds-71255fee04404d855f4379c00c70f618241fcc71ad595c8ccfe5df69
jpeg-isic2019-768x768,gs://kds-0a28f00c0ebd0ce3834a670c081c1855487325912a737be7b892102e
jpeg-melanoma-1024x1024,gs://kds-cc869b49e79801b6ebdec59b563129672655731ca1cc169de654eb1f
jpeg-melanoma-128x128,gs://kds-dc950d88dde039a52ddf59e75b3b0504a93a21c156cad2c5bae8da33
jpeg-melanoma-192x192,gs://kds-74b99b69cc2a54ec31d5633bfddd87e8b956be7b575457b0e1266c22
jpeg-melanoma-256x256,gs://kds-e11b6a683b481e5eb334e15f079e4276368b5d148731a199d380ae5c
jpeg-melanoma-384x384,gs://kds-6ee607d126b4383638602774f392e6811a78317d459f00a0717ef715
jpeg-melanoma-512x512,gs://kds-cdf4e8d5d7d68d73cecbf03598666ded6c5512405ecf6e12185ff460
jpeg-melanoma-768x768,gs://kds-5f3b59f76dd8ff37c326d94f69a5ad87ffda53760ad3778641643255
kaggle-survey-2017,gs://kds-81452a9075ae789e056cd5a0b5d02dcaf29a137ce67618ceaed94bf2
kaggle-survey-2018,gs://kds-e96ff75ffbc18a961d4c73a308b6f38bed64be9d88f118072ee41888
kdold-deepfake-effb2,gs://kds-97fa84d58424ee35cc5153f90823ca723665b576d57251cb77715675
kfolddeepfakeeffb2-flip,gs://kds-b95984a05dd4969d6f571b5bb2c0a0273c4238e1c0b230b99b3e3888
kickstarter-projects,gs://kds-e1b0a5d9ff52c39f1076c988d90096568be94eaae6b437238d57b84d
malignant-128x128,gs://kds-1aff281cc5656ab19428aa6677b137617d72670edf0e6aaaad396e33
malignant-192x192,gs://kds-651a83763e63d2b91f67e6cc25af7a4d4fa3c0e255e2bfd3181001cd
malignant2-256x256,gs://kds-9dfaec6dfe3907cdfcbfbbc67c257d96306bb896c7383c2920d32928
malignant-256x256,gs://kds-a0bc91d0c357ded29aaade45b1395be7516f9ac548b16951aa968ddd
malignant-384x384,gs://kds-fc47781df46c6e549683976d481d4b65ea8d2d1a414aa4845ffcc576
malignant-512x512,gs://kds-f129af7e4a946dfd1da4590cd697ff4b15fa767ac16ce99a6c9bc1c2
malignant-768x768,gs://kds-b237573f39767126095ad6d9f5f6862db78f103c082a35363a3fea7a
malignant-v2-1024x1024,gs://kds-d284f181c7472f4d3ca007bcb2e67824aa5a3a2a588d7a878bc30292
malignant-v2-128x128,gs://kds-b93eb56d5c85c18f6f06f5a084fc978a2a5d1c81f4d0b5e29bd6c344
malignant-v2-192x192,gs://kds-e08b6ced3b6701b1af15ac30468ddf5a757d8e1f61a8716cd62aa327
malignant-v2-256x256,gs://kds-09d584535d96ff3babd49c4c290b60f425bf44dba6103db85255cb65
malignant-v2-384x384,gs://kds-d865e7070f63d0bbb2fe08d16db2b817cd02fc99a1eae9b2dc345ac0
malignant-v2-512x512,gs://kds-0d477718418961fee4483712e6a7f1ce526d038c6ef905940ee637b8
malignant-v2-768x768,gs://kds-35b3c392330da0abffc562b4b5e539c735ce33c24fec68fafccf2328
malware-timestamps,gs://kds-506188ce93e53f99daff22618555feb47930bd655d0125525c9ea707
malware-timestamps-2,gs://kds-22431f14880076cc17813d4a4c83b4cf8f6134df4a93392eb639ec60
mbti-type,gs://kds-60b4ec8a59144cb4ac990fb8fa87287db2903e1e8fa01339fcfea703
melanoma-1024x1024,gs://kds-6221d9ee27c7f4f209af9f970926f4a33dd56facac8eae29c0124380
melanoma-128x128,gs://kds-56c85f3fb285c7997b2b40a34d8d3a28a2348744246ba8f94d7aa621
melanoma-192x192,gs://kds-c68fb3b4435e216f4b7a62405fd83b44ea4e88d81fc7812220f3a55e
melanoma-256x256,gs://kds-dffc4fc041639d63f5cb739622149422dbd485d2bd7f66a514c67fae
melanoma-384x384,gs://kds-30a0c9f78d3675d10f6b6546877a20d24100810cef730172979b36af
melanoma-512x512,gs://kds-df537acf009e02b1d4427274d18970a1b0101b1ca26824bae39b5b4b
melanoma-768x768,gs://kds-79662e42fc05f15bf1149504a028b04213a0218d96b9180368ce47a5
melanoma-csv-files,gs://kds-72856d4331480c95c98b7801b0bc5793fb3ecf9979c2ecad2fe8f5e5
melanoma-image-embeddings,gs://kds-64f1c794ebcffb7860dd91811eff547e63eb5827b2fa6eb22a455a26
melanoma-merged-external-data-512x512-jpeg,gs://kds-d755160b932a39260e10e74ab8795d927cf0e4bda39eef39f967a446
melanomapreds,gs://kds-29641ff755bbd06dc8b81409548b1b5b1115b111f0ff309297c0f328
melanoma-public-checkpoints,gs://kds-fe3ab955a6636e3ff04f940b484521a97668197a98ea562c7a188ae7
melanoma-v1-128x128,gs://kds-9e0210b4855e2c78c3d5530f5d5e6455a946d7131b749ef7586308f4
melanoma-v1-192x192,gs://kds-ae6561f10c45515a44802146df8c15c2bee9d8614bad2d68a102daf7
melanoma-v1-256x256,gs://kds-b99de3bbf1d3442feecb1890c9dedd7f587e926bd2825f6411d5741b
mental-health-in-tech-survey,gs://kds-02e214ef9caffa20405a2d27561c761830adf95122db83011855a537
mlcourse,gs://kds-2c3991eb0466ac50eaae7599da7071abc2a631acf093c90c0e61fd1d
multitpu-inference,gs://kds-dca4c2d578fd2896fa26f4b1d75e40f9a01719dfc49551f5679d8c3d
mushroom-classification,gs://kds-2198632a351b4f9dc661526a25a8f9e30404bd868070b61be9fb7368
nba-players-stats,gs://kds-c8ab980ce733a3a332543e0510f36af9d9f3c54dadb7bc5e43c312c5
netflix-prize-data,gs://kds-03224c277e63de9dab7a04d10f00836c7d06fecc749b82b4931340d6
netflix-shows,gs://kds-fec413ad7189c07f47c5f0648f02f4817442f0d1d87cb982225e7ba4
news-headlines-dataset-for-sarcasm-detection,gs://kds-4ff1eef38c1512e5760d54b675b5aa727b2dce72268fb0f3b673a902
new-york-city-airbnb-open-data,gs://kds-5284cdbd90896f60d9597c6663f07600c1065ae81858fca9f0e62cc8
nflplaybyplay2009to2016,gs://kds-ef5d67935fae48f14b8fc06afd05e2a2ca91ecc30db06538a60246c3
noshowappointments,gs://kds-edc4a34613cbcdbc7fa0a275ff122dbb3dd92dabf327098efa9388b5
novel-corona-virus-2019-dataset,gs://kds-d61e3c419fd06e522a84ba4d9a5ab62b9995001ee2d21d835e44aa1f
nyse,gs://kds-f86e7884ef34a73768ff026b26eb361c2cd0cfceb5c1620e2ab390f3
omegaconf,gs://kds-447824ceb95d2abc0e4921e1456d99913256270fa4c7638fd0529f50
open-subtitles-toxic-pseudo-labeling,gs://kds-50424ab75b8ccd757f27a9cdbf87100cdddf424f9823b01823b8d384
oxford-flowers-tfrecords,gs://kds-9aa893abda9aaa05b28596922337bac642b475f88e7a6db37316603c
paysim1,gs://kds-4a5e69af3256775301e991c7a189a4e1e6c6c980ebc864f69bd1b544
pima-indians-diabetes-database,gs://kds-bfbc7feffca02170b6dd7a2c2b70be1fa7b4c07b511dc73a63d51ea5
pokemon,gs://kds-8a69ba0841f34dabdd16da0eb5e117582d89f14e0956ac3e04d02726
pokemon,gs://kds-60e27dbf92cb38cc2c128d670509a0720066b79fa66954e892342251
predicting-a-pulsar-star,gs://kds-2df10e2b2c3ce25da1b1112b8f71d1c8feb155360574add26e26793f
predictions,gs://kds-c69a4c49b25c5ae3be59a48edf53f5e47edc937f5e5b261930f8ca6d
pretrained-jasper10x5dr-nomask,gs://kds-9cdb96cc24f4df04d18f79fa1c447113c1cf5bb58a04ea2a5bc6cb10
price-volume-data-for-all-us-stocks-etfs,gs://kds-373392291ba567ab691b76fecd084d2c432bcc41bc6d3e9481a1c919
pytorchefficientnet,gs://kds-b254f7c18ae182de61e66216ac456afa796e7421a87d6069ed195cba
rapids,gs://kds-e81488858c3425e2cb3f9eb36d42ac505981b97c02917bb2c898505c
red-wine-quality-cortez-et-al-2009,gs://kds-3abebcde4af6e8e99ec7997eeb8cab28ca0b52f2c7a209ff89e6e012
russian-numbers-asr,gs://kds-56aaca6d3fe924fc0fde66764302532dbb76abc91929af002b35c7ea
sandp500,gs://kds-3fb6ec66e5710a84f242d0b8971301ec5d40a05a08c191dac07b1d49
sentiment140,gs://kds-a79015bef8400079cfde8cdd2a028be3491b9cc1f51a21f0f8ee88d6
sf-salaries,gs://kds-4f6acdd9d946c98d16247f8998159d2c1916b7d552669faf3a3ee9b9
sign-language-digits-dataset,gs://kds-c18b1ce545920c4ae8215ed4d27b5d0f7750de61b4cb246d75d14ff0
sign-language-mnist,gs://kds-3ff1a3acb46b9cd7e35fa3eb8225d4095ffc5ce3f81f895f8b9c20bb
siim-512x512-tfrec-q95,gs://kds-cf97595aa8edf68d526e06cba9e93923a24d20742150a0bdf3f10f64
siim-512x512-tfrec-q95-test,gs://kds-4b4016d302d8240715c84c06a9beecaccacc1fcea5441af592798f99
siim-benchmark-submission,gs://kds-51c0fa39fcd27a5d8a5d8eacd7f6002ee39f404863ae6ad0a821892d
siim-cc-jpegs-128-train,gs://kds-3117d28c599e3657b1690b0870477a4aef22cd9550c5e6ec13a13d74
siim-cc-jpegs-256-external,gs://kds-f7ef1bd842fd53295d78aa89208a2182a91e2a9c74c34de41fc5ca97
siim-cc-jpegs-256-test,gs://kds-6f3c7f0cf4f1ae764f314c54e1fbadb4ac6136afab7974d4b5079381
siim-cc-jpegs-256-train,gs://kds-189f8ad7f21bb9805ef22dd74a16b0335562f1db3366c81f92c75274
siim-cc-jpegs-384-external,gs://kds-1c42d03817bd90b322b0894e8c29dc2d8919dfdd5a41b7457d5a411f
siim-cc-jpegs-384-test,gs://kds-8376a15824b2674e72ad9a4474b942ef30e6b83b43dbb3bd88f28726
siim-cc-jpegs-384-train,gs://kds-6d371b175cac8fc4653b8488dc573c85fa67264e1ee47a63305bcbe7
siim-cc-jpegs-768-train-part-1,gs://kds-9e7d5bc830a65b90237d1ceda815e37443152a540d69e8dfaf7ba45d
siim-cc-jpegs-768-train-part-2,gs://kds-b20b80321077c1e6a1bcfb9f3055e537d71b3449a241722ad168ae79
siim-color-constant-512-train,gs://kds-47b86e90e6a4924bf8ed5670cda8a46ec6fdfc3d3a4d6d1bac3eaefa
siim-external-data-isic-2019-tfrec-512,gs://kds-3b9dd7203de4a0e0baea0ad6a0813a055ba971578374cebea25f4dbd
siim-isic-melanoma-classification,gs://kds-f809fea39df606e89617cd8d8e4cacc083fb6e176982f0e5d69215a8
siimisic-melanoma-classification-npy-224-cv2,gs://kds-5b4d8bdc0b9eebfc283dc456e5983744b8682e9d5415739aab0414bf
siim-jpegs-512-extra-malignant,gs://kds-70063b654c0722deb8463863b65da1efdd21a33088383b2a7d741e00
siim-png-cc-tfrecords-512-extra-malignant,gs://kds-a933b89114e5b188fb05377575b65a8c3cefe4c1ccd66090cee8694b
siim-png-cc-tfrecords-640-extra-malignant,gs://kds-72ba4743ad6f8111a713590fbdf616d94c72af5f3af08a3cd96653bf
siim-png-cc-tfrecords-640-isic-2019-old,gs://kds-1ae6762135ad53317cf6e7361078cb2004a0a87f1f0277257407475c
siim-png-cc-tfrecords-640-test,gs://kds-ebd256dfcf111dabe06e5379e07fea51b3c6c34a2e871eaebb0ffd56
siim-png-cc-tfrecords-640-train,gs://kds-fa491846f1d125b66d8877712e95e45ce0dd1666fddd9b850ade45fb
siim-pngs-224-test,gs://kds-a720b7a806df1807472d3bc776549fa9a295608f988b9f595cd83b52
siim-pngs-224-train,gs://kds-ef1ae9325f323453eb884c60dea3424d7be02c891e55c7b90bbf1f3b
siim-pngs-512-test,gs://kds-3393bc3068362ecee2517bd354604823df97bac9dd56106d82c3aa55
siim-pngs-512-train,gs://kds-bd6c7a8b4806562a0c4840add6352121eb0ca864f7fe2e4a985a6031
siim-pngs-640-test,gs://kds-11c6da55a362e54596861f19c44542cc48b19daec1b8248129d81676
siim-pngs-640-train,gs://kds-e24d6ec8307be711357c5a3f9db622bd91516e6376ff339f4d28f08a
siim-pngs-768-test-part-1,gs://kds-a9415e84b4aeaad127d1cded17b6f3c059edd992330403b72cd766c1
siim-pngs-768-test-part-2,gs://kds-d394c56d9ad96cf597a7a3588d88f2f2e87f2f739260e8d2b6c8edd6
siim-pngs-768-train-part-1,gs://kds-e9b6cf31662c0836b00e8303a118b08837ed18893b3fb2194c272e0a
siim-pngs-768-train-part-2,gs://kds-09852bc5e2fc2ff33de172445386c0eb0cf90a731e3821249b4dddf6
siim-pngs-768-train-part-3,gs://kds-b1416cf9bc848267c4951275d83e00e97239377108f098e848bb142f
siim-pngs-768-train-part-4,gs://kds-706eeaf1632f701343f699029efb116caf8d8dfc14e305c527da7b9f
siim-pngs-768-train-part-5,gs://kds-88c12b1cf524ebba9ba90c942715326183571e0780e3fbd369758241
siim-png-tfrecords-224-test,gs://kds-f5d7e3053b5395e04aa5cd36885b584d8347d3aec48cd29516c95476
siim-png-tfrecords-224-train,gs://kds-3aeb3531cb0dec68bf9ea4fd0f034eda5f04dfcb116e5ab5327f4636
siim-png-tfrecords-3s-512-train,gs://kds-e0b7bfdf919f40d46dc7da685f8898326ad113d9355d27fc95e47979
siim-png-tfrecords-3s-640-train,gs://kds-5b669ba17209080c86fdf4807b66b8001afb2508d286b167dd3f3634
siim-png-tfrecords-3s-cc-512-train,gs://kds-7fccf827910161f20a817fd4c5c4827a0a6b4271d4b78439c8accd8d
siim-png-tfrecords-512-extra-malignant,gs://kds-20be3d581748af9fef35961b9801afaf826594ae493313d48a5e9928
siim-png-tfrecords-512-isic-2019-new,gs://kds-18a31793edc6d42fa7792272366b4df71e46ff8dd2a6b0e7ce07d1dd
siim-png-tfrecords-512-isic-2019-old,gs://kds-3521887f7a5483e48a1a3d97ec7681a592d8cf3b11aa61a5a73178f1
siim-png-tfrecords-512-test,gs://kds-6c9f9a52f60792f6dee35829356c3595b27cdfd9a0a6797fb1f89d81
siim-png-tfrecords-512-train,gs://kds-54751aa25d9b201bcaf1f5b536ce2cee2718f5357774e675ed1c4e92
siim-png-tfrecords-640-extra-malignant,gs://kds-fd8b913c678308c876dc2d650f01ad85247d57fc6774a6d6a4801171
siim-png-tfrecords-640-isic-2019-old,gs://kds-fd785f16869d8214d5eca75e751d8e585babb0b281123bb9c57aa478
siim-png-tfrecords-640-test,gs://kds-4dabf85e5eec8e208110f208305a5727c57b9b87121f2a721d8258eb
siim-tfrec-1024-part-3,gs://kds-b09c72397075623a0610da5624c3afd6ad9a0807458262a72bbe11bd
siim-tfrec-1024-test,gs://kds-5dfcd258dbf45ca01b7ba58d3d9acd877947db06949b4eb8889ccd4a
siim-tfrec-1024-train-part-1,gs://kds-1ffc3243c99847b4019b02b267c80454102e7a493c947a7f46b2fc6d
siim-tfrec-1024-train-part-2,gs://kds-a98d7b54c0948fa9e98994be20e16cb155e6f750be489f8f4a02d707
siim-tfrec-224-test,gs://kds-2e253b5c97492d3442ccadf44ea3ad252db24d55d6c1d24e5597f0d3
siim-tfrec-224-train,gs://kds-8d344e58166118525f170bd11d5b4260787c6d586b03213f2c8b0781
siim-tfrec-256-test,gs://kds-6eb69dc618830e8ed0ffb4ad4c10befe269a6a9d30f4983a4d3a2ad2
siim-tfrec-256-train,gs://kds-299f289d93cc4e5ab6b26a92e602f28d02590d86d86293a0ca3be926
siim-tfrec-384-test,gs://kds-a1e073c0f75ac3e30a5f9f526aefbf1bb6bf7b35871f63b6e0ec9475
siim-tfrec-384-train,gs://kds-31d1ba857c1b54b648d6d2ca244c086662f71948e7f14d81d91dfd79
siim-tfrec-768-test,gs://kds-fd802092dad24a3583c3bfc03dba6d2c989b07899a0a1005af0d7739
siim-tfrec-768-train-part-1,gs://kds-6efcfadd7b90746c244beb264639d426c444a9831a247d9af0acb952
siim-tfrec-768-train-part-2,gs://kds-d85c80fc180ae4b4d1fca4ba4d769356a4859d577a211116484a713d
siim-tfrec-cc-128-external,gs://kds-55512761febd386483aeccf148d6cbfc705c24371e85a88e2c68875b
siim-tfrec-cc-128-test,gs://kds-0bf59c2039cefa6a45ce0586b8232ae7a0aef18081c143d90ca44828
siim-tfrec-cc-128-train,gs://kds-58bf960fe4a3ef847a9556f578f55f4a868a2e09e2e0546c8e41fb5a
siim-tfrec-cc-256-external,gs://kds-fa5b680bfc6aecb43605578c35870ef519c93dee7202d296fc2c8034
siim-tfrec-cc-256-train,gs://kds-76ca0b22fa22cd8d1d35cf9fab4870a2fe27148c18e60f4ae81bf4e2
siim-tfrec-cc-384-external,gs://kds-1309e5093103bfff7bffd5450a49a382dd536d66334ea02d3816f8da
siim-tfrec-cc-384-test,gs://kds-b04a2e3c06aa0f0c005e413184a72826e908c595c788c4ced51cd3c1
siim-tfrec-cc-384-train,gs://kds-4d1f37306fa666bc0b305c02fd9b37345a22fadfd450346cd739fd5f
siim-tfrec-cc-512-external,gs://kds-cfe883cf8aaaf95a08dd613590f006770c71c68c86b5126696e371b9
siim-tfrec-cc-512-train,gs://kds-8d44d1d3c10e3f6adba9a03199486e4f98ec0de3b94e39dcd58021d0
siim-tfrec-cc-640-external,gs://kds-31297163ab9d01c12787b949198ea30fb96cdfb8b7975445277cbd6b
siim-tfrec-cc-640-test,gs://kds-46fb08041b0585d980c87c5c7842c8ea3bf944ff36ee2f3dea19cc32
siim-tfrec-cc-640-train,gs://kds-58f85ec38aa8be6cc448547138e4a1a8cbf1ccdbab64b60ad0025c41
siim-tfrec-cc-768-external,gs://kds-b017a5ce68a45a4c11190854077266024f926d3020e0e7f601866bb8
siim-tfrec-cc-768-test,gs://kds-b86aa3f4cdcf7689ccdd73b5ffceb8596b103ebc295aa1cef3c4c247
siim-tfrec-cc-768-train-part-1,gs://kds-f96c7e714d07ef9880a9a1b31d8042c704b9ca97b54352648d410dea
siim-tfrec-cc-768-train-part-2,gs://kds-991c81b43515875e7fe5ab2baa2a4821703daa78b8a08fc15005271f
siim-tfrecs-opencv-512-external,gs://kds-bb1f7a26064f320b761072acec07916dcde17bf3029be7e114a32880
siim-tfrecs-opencv-512-test,gs://kds-1251caec0ce570001558e60853539f369dc87964602a25f1dd7067b6
siim-tfrecs-opencv-512-train,gs://kds-30beeeb809b204a9a2bfbdc20b73eb385a1619b77b0bac3a6e238b96
skin-cancer-mnist-ham10000,gs://kds-1c05aeea8f05f57c639c9aab6c9798328809c790877bf614a53e3978
sms-spam-collection-dataset,gs://kds-11945a5689fbb86b507ee0326e627c65fa5808567a42f8a246f72653
soccer,gs://kds-57380fbbb654035ec432f67d8153c4b37703499dc553f0e7b12e7705
speed-dating-experiment,gs://kds-ae3b39d784e4280f6da64343ffab03135860b4be04e718494f71ccd3
stanford-dogs-dataset,gs://kds-e69a6044e7ebe7b38e48bfc0e878ef96edcfa8d43514d275d57e1cdb
stocknews,gs://kds-32b4ed60a36abc32b0e4898f27a446f646be93a0b95e41517bb068ed
student-alcohol-consumption,gs://kds-d8c421c20560501d923926067f4471ffe4a748fc27be8dd3cd889b39
students-performance-in-exams,gs://kds-bee4d0fb250c27b9c267bda26e0f5cb3b4b5db612b119f882ddbbb6a
suicide-rates-overview-1985-to-2016,gs://kds-4bf059cd58ada341fe728071562ab3c44de8c68ae14c57132d1024c6
ted-talks,gs://kds-24252dec022430871bceeb55650b98205d61fbd3a5106381a69b5fd1
telco-customer-churn,gs://kds-7072e674e8e392f27312d650e4fcb485ac2dd8db56c2bdf301dd72f2
tf-efficientnet-b4,gs://kds-df15b5515f6987b7b54b9821a691f602ef35c37d3c42da151cb5168d
tf-roberta,gs://kds-c28e532cdef31e8f66b47e8337d09a512ba3b6a64485606f97f59234
the-movies-dataset,gs://kds-f64a95a456c639d8c7e55924d3cc493c5fb18c684e0de2ffed3841d9
timm-efficientdet-pytorch,gs://kds-3bfa45c46983ae63011476e78612ca27d6c436736e282f30c3071048
tmdb-movie-metadata,gs://kds-4d172f9374ccd4b463f9187e1067099748667f3d697611439b959eb6
top50spotify2019,gs://kds-7c311a730c478b66092e4f801b100bcbdc141b9cd2e4ba74aeacaf64
top-ion-subs,gs://kds-2e045114f528fcc78e462dae112675ad026b5afa43e5b0f90120f311
twitter-airline-sentiment,gs://kds-539104b28bfe88cb4539b4534be02afa1e2359dc82757c65ed28079d
ufcdata,gs://kds-cf2cb96b2b74071847358b7f53759ab297c6e5b765b623692286d91f
uncover,gs://kds-6c5aefdd848d02c09d18e2d93916a452639abc89b92779bfe3f0b2a6
us-accidents,gs://kds-c2d441487df0d89b203d2065d7a2e01dc226fc30e721ac0035ff43c8
videogamesales,gs://kds-88c29b381d3abcbacd7bf27de90c8b7225753a17b3b2387cf5fdfcfe
video-game-sales-with-ratings,gs://kds-15430a40d9a8bd4cf61a8c7a8cc74084d4866affac12e4f26f4305d6
voicegender,gs://kds-6127491994d21d66aca46a1814323a4a51b1a1cdbbaaea099a47ddf0
weather-dataset-rattle-package,gs://kds-c41f95f74dedd33381468f57c5f9cfa1d4d34479e57ee2a70b71a016
weightedboxesfusion,gs://kds-bc90d65935377fcceee923ebb08238ffa44c1892fe386de4fcb5d497
wheat-effdet5-fold0-best-checkpoint,gs://kds-3db8dd3880d6e924e3d3cf93e2e3f43a28476964011f5e820274e279
wheat-fasterrcnn-folds,gs://kds-ff174091c75894e7a3a2d466e401674c7cfb0a53ff38bb84a6fa55ec
wine-reviews,gs://kds-e99f788183d805b032073bcaba6524481fc57ea828db5d30358d2d26
womens-ecommerce-clothing-reviews,gs://kds-c64efae2fa757b6b5d5dca5f84d85f423c151c8287b8ef4664a2a462
world-development-indicators,gs://kds-4482df9fcf10bf1cffc40377bce359b9817b7b7681f7d3cc51b2d734
world-food-facts,gs://kds-68f7282de11dc2183cf85f714b013bd181227ad32fb8a7a76823b120
world-happiness,gs://kds-7d3ce69f7f277795309967d47ca479008dadb4649f2d6146800f6fd6
world-university-rankings,gs://kds-faef2f65e9c2c141fa7e53b2b65fa3686d82d043d31883c18462db93
x5retailheroupliftrawdata,gs://kds-098f066e1946311726c760b787b159c8e0d8e4774b5464b4aa5825cd
yetanotherefficientdetpytorch,gs://kds-a7199e71d17a5c3382c198c60bd84e9eb1de06ea46334476be5124be
young-people-survey,gs://kds-41a91a9abfe42b671ae52adef4e34881d3c38f51d6ee6e6dc2842c70
youtube-new,gs://kds-a4a7186e03cc3a250498fa54e4191a10b6f717c877ca8d82dce37e32
zecon,gs://kds-0b615bddc6a0cd5c34271f3872a415705e26fe51fa16f311ecfa7159
zomato-bangalore-restaurants,gs://kds-7a55d942e3d7f39847c6b393769657acde070b8992fa70fc5756b054
zomato-restaurants-data,gs://kds-36d7ef84d7dda336f6ddfa0730546a6ab271431c75d2fd4da0669d25
